run_id,reward,optimizer,P,Cs_h,Cs_s,Cs_b,Cm_f,Cm_p,Cm_m,Cm_n,Ci_s,Ci_p,Ci_0,Ca_h,Ca_m,Ca_l,Cd_r,Cd_ret,Cd_rec,W,B,F_m,F_s,I,R_p,R_c,Vq,G,Sc
1,-0.014160623773932457,SAC,144.84957307577133,78.756422996521,76.71217679977417,36.358393132686615,61.56242996454239,46.81224822998047,42.55430579185486,7.652819037437439,40.718638837337494,24.43349599838257,7.5376917719841,73.06402742862701,41.66652703285217,10.460328608751297,35.41798174381256,39.4310359954834,86.3215720653534,151.2844181060791,35.579352378845215,236.05754137039185,133.24967741966248,64.03311014175415,39.48307752609253,57.007862627506256,101.46282434463501,172.3256278038025,135.46064853668213
2,-0.016462111845612526,SAC,148.97941768169403,83.6268150806427,74.0149188041687,23.666406959295273,58.32745119929314,56.31429135799408,43.76560926437378,20.63308346271515,41.2429678440094,21.56832981109619,7.24210798740387,46.60697162151337,27.573643654584885,16.17074340581894,17.598145008087158,34.24360990524292,76.75018310546875,88.27360421419144,151.9293975830078,195.66494464874268,159.88704919815063,52.58258759975433,43.70055437088013,62.8155317902565,61.38984680175781,158.67714524269104,134.83426570892334
3,-0.013240241445600986,SAC,122.63608127832413,68.74990463256836,58.65713894367218,44.64636790752411,60.09104833006859,45.18618106842041,41.03962063789368,16.052287697792053,62.56059944629669,43.350878059864044,9.244629621505737,41.199082016944885,23.927315771579742,16.332164704799652,32.67961800098419,33.713632106781006,77.10506021976471,93.54340612888336,160.999116897583,265.01965284347534,195.3689408302307,13.712357729673386,55.560070276260376,67.16500639915466,134.5463228225708,148.4302806854248,139.2880392074585
4,-0.01853601634502411,SAC,193.9156848192215,75.82282543182373,69.00272130966187,42.77680826187134,62.13469624519348,49.00166988372803,38.57314050197601,27.744349718093872,46.042330861091614,18.25648981332779,4.0195905566215515,52.29404127597809,50.16006737947464,10.267933756113052,16.32800668478012,18.98878526687622,50.74020862579346,185.03114104270935,55.8493709564209,308.6896777153015,152.34344363212585,18.012321442365646,28.29427480697632,56.07000708580017,158.97939920425415,153.27367305755615,138.5918116569519
5,-0.017897095531225204,SAC,141.96986496448517,85.0787627696991,70.39650678634644,33.28801813721657,47.40834325551987,38.054653853178024,24.709841012954712,17.766308665275574,35.13007217645645,27.73752897977829,12.851025581359863,45.23105990886688,33.6650887131691,28.07397425174713,38.49795877933502,45.537214279174805,87.84114956855774,114.81218099594116,71.7466926574707,257.843337059021,174.56478357315063,14.726287722587585,18.791015148162842,172.10043907165527,198.1087040901184,178.6536157131195,147.02054262161255
6,-0.021227318793535233,SAC,142.1754214167595,86.4223062992096,74.68546390533447,47.66584300994873,46.2067274749279,43.810723423957825,43.57050657272339,13.413730144500732,39.15339821577072,20.63843458890915,8.444727301597595,49.68679904937744,37.36071527004242,10.427919328212738,20.35422533750534,49.38065814971924,82.87133038043976,134.72866296768188,25.639019012451172,235.94947814941406,182.04909086227417,20.636723190546036,22.24865972995758,173.17928731441498,138.1692123413086,165.89606881141663,122.33806848526001
7,-0.014583349227905273,SAC,144.81195509433746,94.17757391929626,73.66372108459473,47.09625220298767,52.379310727119446,49.90383982658386,20.80765962600708,13.0105419754982,32.69818156957626,30.477152168750763,10.371132373809814,32.23158937692642,26.774435341358185,15.66896915435791,34.58419889211655,41.87805652618408,52.12453079223633,196.28405392169952,123.8520336151123,224.27603006362915,187.97821044921875,21.943135857582092,22.25129544734955,60.78931838274002,105.29537916183472,161.00744366645813,92.34909772872925
8,-0.044072967022657394,SAC,170.86723119020462,87.06977367401123,84.12573099136353,13.618386954069138,57.08843380212784,35.966090857982635,25.34597396850586,16.66845667362213,21.788654923439026,13.117720603942871,11.523992359638214,50.99455118179321,45.5309231877327,17.844307720661163,34.38770651817322,37.566013634204865,46.083048820495605,103.0300110578537,131.49785995483398,295.74872732162476,126.02863430976868,59.99451071023941,48.47372055053711,91.26875460147858,160.1172399520874,142.8918194770813,143.29402208328247
9,-0.02073253132402897,SAC,215.5825799703598,76.16205930709839,75.01240015029907,44.77612745761871,59.30227041244507,49.30410444736481,23.508477210998535,9.389515101909637,45.631540417671204,39.60218036174774,7.876140356063843,45.722113251686096,29.5308937728405,6.5853725373744965,38.54371041059494,46.21152877807617,82.64600396156311,97.30544716119766,21.654210090637207,303.84926319122314,156.60392880439758,42.922066152095795,55.53733229637146,72.81444698572159,187.6722764968872,139.21244144439697,146.71079754829407
10,-0.028627965599298477,SAC,293.8547319173813,65.23370623588562,64.58772897720337,48.48524171113968,89.01550531387329,46.72909036278725,36.13805294036865,10.926888018846512,22.63721615076065,11.938355267047882,8.444900870323181,37.09318721294403,24.93238776922226,20.560739636421204,19.82898473739624,30.946440398693085,81.99889719486237,181.93747758865356,93.68183135986328,307.86452531814575,163.03242206573486,16.931433826684952,55.20679473876953,110.14557421207428,212.44799613952637,164.55791234970093,68.11985909938812
11,-0.020869219675660133,SAC,147.540984749794,66.49345397949219,62.74853467941284,18.898739218711853,60.245293378829956,44.961630403995514,41.03635311126709,19.026294231414795,26.97705388069153,16.29661113023758,9.482095837593079,47.902607798576355,24.245983362197876,7.081618458032608,26.61304521560669,33.81030976772308,49.62311029434204,117.48654633760452,44.30114269256592,224.94986057281494,128.90487432479858,17.2119177877903,27.28872537612915,88.88666242361069,104.05819535255432,152.26242065429688,137.04147577285767
12,-0.03319991007447243,SAC,231.79700195789337,71.49319410324097,63.37872087955475,13.055115222930908,37.55390778183937,24.366696923971176,22.785179615020752,17.696794748306274,71.99475228786469,44.55797290802002,11.550440073013306,51.22896111011505,23.669311702251434,10.19740805029869,11.51614859700203,32.78203582763672,44.258484840393066,196.90670728683472,64.75094795227051,254.23043727874756,170.79686999320984,7.466386407613754,16.892170310020447,166.0873782634735,197.59257555007935,163.97102117538452,137.69920110702515
13,-0.01614166609942913,SAC,176.4242970943451,88.7009072303772,74.85827922821045,47.860026121139526,68.86278450489044,54.7710320353508,39.52078104019165,5.879305928945541,33.4907928109169,22.164604365825653,1.7271002531051636,32.18905255198479,28.61204206943512,14.376886487007141,34.98343276977539,35.15447437763214,63.520082235336304,83.03320169448853,103.28165054321289,303.345947265625,190.3502058982849,10.848212242126465,52.30400085449219,98.75428199768066,71.14479064941406,174.3037509918213,139.9870204925537
14,-0.03528096154332161,SAC,223.57885479927063,61.919474601745605,53.62588167190552,38.00336992740631,72.25206330418587,44.62485313415527,34.77781668305397,8.13354316353798,56.98941469192505,36.16154885292053,12.085273742675781,80.99608898162842,49.73621368408203,6.797360926866531,22.162471413612366,24.49584674835205,31.53059631586075,118.15182656049728,32.774386405944824,200.45360565185547,148.9467477798462,44.37532842159271,14.27792489528656,69.25940841436386,158.641357421875,177.53688097000122,125.09570837020874
15,-0.02428347058594227,SAC,261.3690233230591,78.68897199630737,60.934038162231445,47.3366385102272,91.82292431592941,72.10756242275238,43.93950939178467,23.080244541168213,30.39639949798584,10.724134862422943,1.3570208549499512,49.312657713890076,34.216489136219025,27.942885756492615,33.32105875015259,34.02309608459473,35.539355874061584,176.3909238576889,138.6946678161621,285.5383634567261,187.41704940795898,52.4853852391243,14.95392918586731,69.1465899348259,141.55566215515137,143.96304786205292,129.49010133743286
16,-0.028354300186038017,SAC,163.93069177865982,75.83882570266724,74.01251554489136,46.62976574897766,56.96207940578461,42.552430629730225,38.73111009597778,19.01504683494568,32.89503812789917,27.118364214897156,6.484651148319244,45.255751848220825,25.42478621006012,9.53551784157753,15.435891151428223,27.852515280246735,39.07032161951065,169.25032496452332,52.1277379989624,251.91205978393555,192.82479047775269,56.063562631607056,33.566224575042725,195.34390330314636,177.94389247894287,173.60683798789978,51.210689544677734
17,-0.016267219558358192,SAC,178.9652368426323,87.87327766418457,85.74727296829224,41.85524070262909,55.417073369026184,45.90724155306816,36.40038013458252,25.636422514915466,38.223328948020935,29.58847463130951,12.866160273551941,41.054815888404846,40.849371552467346,20.21967500448227,35.49590826034546,45.00452899932861,85.04347622394562,174.95845079421997,43.663506507873535,179.97181177139282,159.7145402431488,54.50404763221741,57.446138858795166,92.10919857025146,93.67768287658691,148.36466073989868,126.78435683250427
18,-0.02870965003967285,SAC,157.79419094324112,70.91261863708496,67.87720918655396,29.468580842018127,42.46744513511658,42.04743042588234,22.609710693359375,18.021930634975433,20.862094163894653,11.429215401411057,1.997653841972351,29.7671440243721,23.957513570785522,20.378211587667465,36.27590358257294,38.56838035583496,50.038965940475464,188.46882045269012,31.27772808074951,245.68763494491577,121.87362432479858,65.86434543132782,21.141965985298157,111.37948960065842,188.07751655578613,128.86045932769775,141.99863195419312
19,-0.021626096218824387,SAC,193.84421557188034,97.17660427093506,63.02543103694916,48.731243550777435,56.485379338264465,56.476309299468994,37.30774641036987,19.18868112564087,32.46235293149948,21.307368874549866,1.2489446997642517,52.95359343290329,38.99563014507294,24.935932755470276,29.65338259935379,48.27911567687988,50.21770000457764,198.86176705360413,25.586118698120117,227.43688344955444,166.03928565979004,27.2239488363266,30.88028907775879,51.97386234998703,208.88598680496216,112.88206338882446,139.78299379348755
20,-0.024780873209238052,SAC,211.26865804195404,66.93118691444397,61.710636615753174,47.39134061336517,50.992505848407745,43.88378247618675,26.53305411338806,3.608956813812256,33.013066947460175,31.70381087064743,8.100775837898254,54.475561678409576,44.58975124359131,13.923740684986115,17.72283583879471,30.48948097229004,83.28356862068176,112.18711286783218,32.1336030960083,145.55520296096802,190.63052892684937,50.61121881008148,27.158527374267578,119.35920834541321,202.20250606536865,176.78852379322052,131.2867546081543
21,-0.030287934467196465,SAC,291.68990314006805,69.85331773757935,66.15258932113647,35.7904554605484,44.92036685347557,43.33017706871033,40.33674716949463,23.263059437274933,39.10227298736572,27.205566823482513,12.336200714111328,45.88619410991669,35.44950985908508,16.642705649137497,17.03042221069336,24.50635015964508,53.82756441831589,84.39710259437561,90.94521999359131,310.9818696975708,189.98648762702942,12.533303052186966,20.451361536979675,81.9129827618599,40.77760696411133,177.01982498168945,120.93596696853638
22,-0.02089856192469597,SAC,189.49229210615158,84.3717098236084,68.28199744224548,31.87528371810913,37.88292318582535,35.16626596450806,33.06378409266472,16.279174268245697,46.336976289749146,28.916291415691376,14.376763105392456,32.19414907693863,28.059280216693878,22.370980083942413,33.1132248044014,49.38439178466797,70.57243824005127,189.62129712104797,105.94334602355957,278.0485224723816,181.22872114181519,51.646130084991455,16.205556988716125,67.32988715171814,157.99505233764648,85.20312249660492,136.32400274276733
23,-0.016589153558015823,SAC,180.28744250535965,71.85385584831238,65.16999959945679,50.570685386657715,73.89905363321304,68.67183059453964,44.21506643295288,26.445942997932434,24.995065927505493,12.28029265999794,11.715452194213867,44.17029070854187,28.885464668273926,27.58565217256546,23.515514373779297,35.92018365859985,68.10754954814911,202.8178769350052,81.54309272766113,272.5644016265869,138.56426000595093,24.794914573431015,62.73876667022705,92.49732494354248,168.9073395729065,178.10699224472046,141.37807369232178
24,-0.019876588135957718,SAC,190.84654927253723,76.38776183128357,68.07620525360107,48.792250633239746,40.76317757368088,27.231941998004913,24.73344326019287,22.461517453193665,29.091880321502686,27.063547492027283,10.22826862335205,28.98416757583618,25.75011432170868,14.807281792163849,31.82328164577484,54.87811088562012,89.27527785301208,136.16212129592896,57.725043296813965,286.430139541626,185.12491941452026,64.73839193582535,45.5068576335907,197.89089143276215,210.81610441207886,155.4850733280182,140.58977127075195
25,-0.021721752360463142,SAC,139.12633895874023,72.00307607650757,67.87408590316772,17.713558167219162,60.714618265628815,41.68967962265015,30.013747215270996,27.091342091560364,37.337009847164154,28.79818618297577,9.1470547914505,30.192921459674835,25.24196234345436,22.809569835662842,18.678766638040543,55.974185943603516,69.02919113636017,101.30223035812378,160.87051391601562,290.11812448501587,194.99334573745728,43.65488260984421,56.510305404663086,176.48429930210114,150.89685440063477,139.95501279830933,141.10616326332092
26,-0.01919330283999443,SAC,145.94226479530334,75.1164174079895,73.48401308059692,26.939669013023376,58.43631535768509,45.91009855270386,45.8737850189209,9.746935844421387,36.887116730213165,32.596236646175385,10.683364987373352,53.60075080394745,23.238302171230316,8.302326798439026,31.181396543979645,58.33098793029785,74.22576785087585,214.73768949508667,136.97895050048828,287.4058961868286,173.76954078674316,52.88385331630707,34.97230291366577,82.72761344909668,182.67601251602173,177.5928544998169,110.74386954307556
27,-0.012175671756267548,SAC,167.99243062734604,76.226646900177,75.00065207481384,31.41511505842209,41.69107437133789,37.65992775559425,28.27829122543335,13.612939298152924,45.25767505168915,28.60012710094452,12.072194337844849,54.02024209499359,33.127023577690125,24.427841901779175,29.59778755903244,37.45543658733368,51.41689968109131,211.34396195411682,146.1162281036377,299.611599445343,194.5747709274292,20.469969362020493,55.55521011352539,67.37331122159958,49.6931266784668,149.82016503810883,133.24949979782104
28,-0.015817292034626007,SAC,153.5556623339653,89.98403310775757,67.69328832626343,26.001157462596893,65.84854006767273,62.46035307645798,23.499281406402588,5.2637128829956055,43.768710017204285,30.951627492904663,12.427016377449036,30.507297813892365,26.01137614250183,9.316037893295288,36.942970752716064,59.62650489807129,86.38356029987335,158.20910811424255,159.72162246704102,238.51849555969238,173.4746265411377,25.812658816576004,26.60296142101288,74.03301626443863,74.28662896156311,175.72343587875366,145.84707617759705
29,-0.02190028503537178,SAC,142.28604286909103,82.95547485351562,64.80876922607422,35.085015416145325,60.485428869724274,45.536128282547,23.19745421409607,3.7434360682964325,68.26078832149506,26.500948309898376,14.037836790084839,40.93557804822922,25.746105670928955,7.280388027429581,24.352852404117584,41.73457145690918,74.998699426651,47.23758101463318,150.662841796875,199.3736743927002,184.12102222442627,19.888194501399994,19.033445715904236,67.14537411928177,208.49949836730957,69.71414029598236,136.10140085220337
30,-0.012669544667005539,SAC,168.52602571249008,72.415771484375,65.11766910552979,39.23949444293976,72.21381723880768,46.95215463638306,36.531413942575455,25.194132208824158,29.44477766752243,15.509757608175278,8.86133062839508,47.65421211719513,40.30406951904297,13.588016033172607,31.5745609998703,45.11896991729736,58.92517149448395,145.4809594154358,40.51753044128418,282.27540493011475,177.51425862312317,66.8748950958252,28.5385525226593,59.222095012664795,37.931365966796875,174.97533202171326,144.65376615524292
31,-0.01847214065492153,SAC,208.4462571144104,68.52786540985107,48.809176087379456,46.08402621746063,62.922824919223785,46.98801025748253,33.070993423461914,11.033889532089233,30.60140061378479,28.987167477607727,9.613194465637207,42.10715651512146,40.49940359592438,13.68905633687973,28.783304691314697,40.744765400886536,51.68332386016846,166.39568448066711,145.2966022491455,228.7679886817932,176.49393558502197,10.688478648662567,15.52480697631836,94.13887739181519,90.95161080360413,103.64437401294708,121.24652147293091
32,-0.03662065416574478,SAC,247.25159972906113,73.77110600471497,67.02429533004761,39.2444743514061,46.780574917793274,37.89021536707878,35.90834140777588,24.345968544483185,30.56721031665802,22.32388800382614,12.043352723121643,36.43331217765808,25.158588886260986,23.051832616329193,29.18925106525421,56.01968765258789,78.4764951467514,106.29938006401062,70.07608413696289,307.73117780685425,181.07564210891724,56.1005699634552,57.5362503528595,131.19969725608826,207.80100345611572,154.28443908691406,104.16703343391418
33,-0.021278390660881996,SAC,179.35617864131927,73.90352964401245,69.04448866844177,50.71958285570145,56.493908762931824,55.54960548877716,47.778825759887695,13.480820387601852,29.493376910686493,27.911349773406982,10.69109046459198,34.26824003458023,34.02259564399719,9.796858131885529,15.125618934631348,36.140177845954895,83.9663028717041,155.85682809352875,40.180978775024414,228.01635265350342,179.98243808746338,16.4815653860569,64.96341228485107,152.29893147945404,89.08085346221924,134.90055441856384,130.26114702224731
34,-0.01447027362883091,SAC,148.43059837818146,66.99292063713074,60.76549053192139,18.66557928919792,74.45147573947906,67.7104464173317,42.11172103881836,11.056599646806717,30.25362229347229,23.0545175075531,14.428872108459473,53.37331020832062,39.64912712574005,8.316215425729752,34.35861378908157,52.7109260559082,54.068764448165894,170.63800811767578,112.19547271728516,133.87630581855774,183.38073253631592,13.232451826334,24.64721977710724,57.97459155321121,214.57321166992188,155.20384788513184,127.36380100250244
35,-0.023320989683270454,SAC,166.50498121976852,87.36302852630615,71.83244109153748,31.634985834360123,45.36595240235329,38.17815840244293,27.089579105377197,18.657898783683777,26.89383089542389,22.861424386501312,2.116135358810425,48.41500526666641,41.348410844802856,26.958070993423462,31.807748079299927,38.312310218811035,40.79312473535538,168.4932678937912,53.99975299835205,312.7694272994995,130.14032125473022,13.92649233341217,17.16963231563568,83.05911272764206,174.57963943481445,135.48250079154968,147.19038128852844
36,-0.02025669254362583,SAC,147.27358728647232,82.20736503601074,70.80776453018188,52.84851038455963,59.76680248975754,40.78035265207291,27.93648362159729,9.019402295351028,32.33615726232529,31.823983788490295,10.804757118225098,53.32303440570831,36.511154770851135,16.038582772016525,15.97789853811264,54.549851417541504,71.63370251655579,55.460317730903625,163.92324447631836,314.31522369384766,184.5333743095398,61.51715785264969,28.617348670959473,57.53216862678528,156.76310777664185,179.43037509918213,143.49783182144165
37,-0.020497871562838554,SAC,172.56602972745895,81.5744137763977,70.4244065284729,14.59740287065506,48.82837861776352,45.929130017757416,44.23194885253906,22.095903635025024,45.54064631462097,17.913313001394272,8.845564246177673,42.99872046709061,33.945133090019226,19.0261247754097,32.26749229431152,34.90017533302307,84.10008430480957,151.96531534194946,129.22508239746094,179.85366821289062,137.82524704933167,34.83594864606857,23.27822208404541,111.76919668912888,74.86969947814941,100.96834480762482,136.8705439567566
38,-0.011916963383555412,SAC,155.37988364696503,82.19399452209473,78.97577166557312,41.152348279953,72.23942041397095,52.742812633514404,35.11385440826416,17.181116223335266,31.96668118238449,23.484678864479065,8.617363929748535,43.04346799850464,34.15155553817749,8.40673103928566,37.562279403209686,44.281357526779175,53.97637367248535,54.38490688800812,133.27527046203613,300.82926750183105,120.20985007286072,10.754430890083313,41.820279359817505,80.52279949188232,67.08974957466125,171.21894478797913,139.27497148513794
39,-0.026823395863175392,SAC,159.9069446325302,81.79667949676514,74.23528909683228,19.763271063566208,69.1321587562561,57.73787707090378,35.744805335998535,23.828357338905334,35.40314793586731,28.018376529216766,3.343102276325226,49.530175626277924,33.54868161678314,21.892021894454956,22.871495246887207,33.31064462661743,35.32995522022247,143.9154416322708,41.84351921081543,213.34006547927856,189.0377688407898,61.248982548713684,18.52155327796936,116.48201286792755,155.79856157302856,78.44530165195465,141.1106276512146
40,-0.02156158536672592,SAC,167.15365290641785,72.94096231460571,70.23868680000305,23.698449581861496,66.49934589862823,46.68455183506012,44.06158447265625,14.84626892209053,49.00950700044632,25.89536091685295,3.124838352203369,48.472754776477814,30.18936038017273,10.64262717962265,34.08207833766937,59.17627716064453,69.62699770927429,170.1299285888672,110.64416885375977,246.77502632141113,168.60389590263367,66.95300102233887,48.29906940460205,53.5963448882103,196.57771110534668,104.38596248626709,132.97199845314026
41,-0.01094084419310093,SAC,153.32153588533401,100.90920925140381,89.5742917060852,44.6092095375061,37.571570575237274,35.568950176239014,31.517505645751953,26.157189786434174,29.659176766872406,28.0534308552742,9.321669101715088,27.577388882637024,22.11798906326294,19.939839959144592,29.116990566253662,32.48547077178955,86.95026636123657,139.6510797739029,156.17849349975586,216.90341472625732,157.4122929573059,63.28622221946716,37.876954674720764,57.225945591926575,129.05061960220337,154.12095665931702,144.74228620529175
42,-0.02917432226240635,SAC,218.58594059944153,64.60714340209961,56.77926182746887,31.457009851932526,66.23882561922073,56.720598340034485,31.035330295562744,24.994811296463013,28.91300231218338,26.29764610528946,2.8175257444381714,42.964624881744385,26.334311366081238,23.884370028972626,27.796871066093445,29.496780395507812,51.8989634513855,48.6167648434639,138.49278450012207,198.50144147872925,183.72014999389648,40.383305847644806,59.019798040390015,67.04303801059723,140.32500505447388,130.70070564746857,144.06471729278564
43,-0.021126801148056984,SAC,145.70388972759247,88.42651009559631,73.44354629516602,43.55014729499817,42.4172668159008,27.84050226211548,24.04874548316002,5.9369063675403595,53.533673882484436,38.02750515937805,7.41376119852066,47.061679899692535,34.8211795091629,16.642133444547653,20.61019277572632,27.790527045726776,73.477703332901,174.3913233280182,86.8220043182373,318.65379095077515,103.82587671279907,11.708561033010483,33.19610834121704,104.85405415296555,212.64706373214722,148.70406866073608,148.43746423721313
44,-0.029432563111186028,SAC,175.26987254619598,81.94434404373169,69.54872846603394,34.35006755590439,56.69914245605469,29.394537657499313,11.320736408233643,8.306513607501984,47.1031653881073,32.957271456718445,11.642167806625366,25.842609107494354,20.93686607480049,19.87857848405838,32.939718663692474,38.59192943572998,43.555535674095154,119.1415023803711,89.83052253723145,275.0572156906128,159.64022159576416,62.94491171836853,31.402679681777954,58.461836874485016,206.155366897583,163.93011510372162,146.67610883712769
45,-0.017250020056962967,SAC,132.80236780643463,108.26912879943848,88.36820602416992,54.13914734125137,45.658836364746094,37.973534911870956,22.980911135673523,21.747887015342712,31.57818627357483,29.361372888088226,7.041492998600006,29.88958716392517,27.037462830543518,5.709980726242065,30.122351944446564,38.67510795593262,68.813636302948,174.85525846481323,57.62363910675049,259.70422744750977,152.9433035850525,17.452031522989273,63.90190839767456,149.77947413921356,146.70705318450928,149.62339639663696,126.44485473632812
46,-0.033363789319992065,SAC,290.75929820537567,77.22870111465454,63.25839161872864,21.033341228961945,71.28034055233002,63.19161266088486,28.75733733177185,4.902907341718674,27.216662049293518,27.01048046350479,5.820636868476868,42.030896842479706,28.168355703353882,12.877840846776962,18.284902274608612,41.238006591796875,92.53640055656433,96.63842290639877,140.49531936645508,301.43320322036743,164.46044087409973,17.543315887451172,58.204567432403564,150.6260484457016,86.9384241104126,178.38876485824585,128.96158456802368
47,-0.0314490906894207,SAC,198.04403454065323,72.77215957641602,64.61141407489777,34.96387779712677,55.12242913246155,44.80213060975075,38.654794692993164,8.032873898744583,39.771217703819275,24.27832305431366,6.391160190105438,49.00484889745712,24.767763912677765,22.464879155158997,36.07716113328934,49.386597633361816,74.02158260345459,216.3142490386963,172.87053108215332,214.34067249298096,171.22536897659302,21.86482459306717,27.162758111953735,141.28418385982513,165.35502195358276,175.83475470542908,71.43306076526642
48,-0.02158467099070549,SAC,175.75868010520935,90.85821151733398,83.04409503936768,44.236467361450195,38.064633905887604,26.10272988677025,15.508341670036316,13.101192712783813,49.35413479804993,42.60914754867554,8.983579754829407,38.26892822980881,27.011589348316193,6.755958050489426,25.418249368667603,52.367637634277344,72.65263438224792,179.25816893577576,117.0865535736084,279.7137475013733,188.73531222343445,58.65025579929352,59.41289186477661,137.73010790348053,178.96257162094116,158.31980228424072,88.6568820476532
49,-0.01798425242304802,SAC,126.35494083166122,80.97128868103027,63.92493009567261,28.70516061782837,61.65755271911621,39.59844619035721,39.04152870178223,18.272308886051178,43.77179753780365,39.404850006103516,8.132800936698914,24.63422864675522,15.073595404624939,10.157336592674255,30.667927265167236,40.794859886169434,79.98648881912231,193.50287795066833,119.04640197753906,252.25232124328613,193.34086894989014,30.155245661735535,27.78623938560486,55.70188283920288,200.3084373474121,144.67881798744202,138.65858554840088
50,-0.027128543704748154,SAC,180.98976284265518,99.26280498504639,90.50930976867676,43.1235129237175,39.15494680404663,38.67094501852989,24.02651071548462,6.024145215749741,22.693482041358948,12.22392225265503,11.098412036895752,23.717294931411743,21.980917751789093,19.97773903608322,33.35593104362488,40.40596103668213,81.05679869651794,148.69274139404297,59.06402111053467,308.36475372314453,191.66839361190796,64.61028814315796,47.5105357170105,111.71703815460205,196.56943798065186,105.05111932754517,109.25879716873169
51,-0.0191325806081295,SAC,207.3168522119522,65.83723187446594,65.44270992279053,30.500233083963394,50.80670416355133,46.698682606220245,40.59139013290405,3.7769569754600525,42.93154537677765,41.59715974330902,10.932560443878174,66.08962297439575,42.99171322584152,28.89196753501892,26.178169548511505,58.671701431274414,84.59490537643433,116.5104603767395,37.720985412597656,251.52241468429565,187.1514892578125,13.209924697875977,51.600961685180664,136.34383082389832,85.40765762329102,137.30773031711578,134.60797548294067
52,-0.0192719716578722,SAC,162.73789197206497,87.79188513755798,82.7755618095398,49.670334339141846,64.69760358333588,54.42097693681717,44.61224555969238,13.022110491991043,56.93300902843475,22.78185111284256,4.377605676651001,47.31769800186157,31.77118492126465,22.844954133033752,32.2055139541626,38.30819308757782,85.86864948272705,149.40214335918427,106.98155403137207,304.81465578079224,198.82091164588928,59.15268301963806,18.879780173301697,99.8928427696228,148.28294038772583,172.7313244342804,121.7428195476532
53,-0.026405002921819687,SAC,159.91035729646683,65.4335069656372,63.467432260513306,38.91296058893204,59.84679847955704,39.54292893409729,39.14301872253418,24.08772099018097,40.73582589626312,19.606461882591248,9.526057124137878,35.15860587358475,25.379889011383057,23.5495508313179,17.66011333465576,19.043001234531403,43.03844690322876,153.24090480804443,107.67337799072266,245.13543605804443,110.33899903297424,8.36222767829895,64.44547414779663,93.84166747331619,118.99652004241943,143.98046612739563,117.9873514175415
54,-0.03521081060171127,SAC,223.53381156921387,83.7462306022644,69.12201642990112,45.045196294784546,37.647072076797485,30.359067618846893,29.270620346069336,7.311399161815643,36.79427444934845,33.13306927680969,8.076574683189392,32.282250821590424,30.42229226231575,10.009011924266815,18.879711031913757,55.21828651428223,57.79028445482254,180.06178259849548,162.1009349822998,190.3534746170044,84.88043665885925,16.900590509176254,35.1524293422699,139.39583718776703,193.39580059051514,114.43386971950531,146.1591076850891
55,-0.021834008395671844,SAC,125.61674326658249,81.38680219650269,66.41823291778564,41.85812151432037,56.20778739452362,54.271962344646454,43.74734401702881,14.179105937480927,45.197322368621826,20.710040986537933,9.93004834651947,66.11489474773407,30.177504003047943,18.06809037923813,38.522154092788696,49.61655807495117,84.53746914863586,48.58135759830475,94.67945098876953,272.57004261016846,150.72113633155823,19.275500774383545,63.61956477165222,56.8840754032135,205.52807569503784,175.6114685535431,145.59871435165405
56,-0.012875615619122982,SAC,133.53811651468277,91.17826700210571,80.37588119506836,52.80756390094757,67.13319331407547,48.43469321727753,46.85788869857788,11.397452533245087,44.32832312583923,33.965147733688354,9.595672369003296,27.37154096364975,24.842562407255173,17.372761219739914,38.51397633552551,53.98187255859375,69.36841368675232,118.072150349617,32.32293128967285,317.4990749359131,187.99270510673523,31.52922034263611,29.34147536754608,76.95685803890228,188.12944412231445,141.90030574798584,136.40176653862
57,-0.018571140244603157,SAC,150.79913467168808,87.20947742462158,66.02594137191772,22.00860619544983,66.97306036949158,58.0033352971077,39.329681396484375,23.656687021255493,30.50158590078354,22.600497871637344,6.199689269065857,29.055309891700745,16.278705060482025,15.916166007518768,18.19496440887451,35.282143354415894,68.07907342910767,93.9729306101799,28.27310085296631,176.00815296173096,182.0375895500183,65.05556166172028,29.695485830307007,53.041220009326935,194.03016090393066,163.80749821662903,107.1398651599884
58,-0.017549054697155952,SAC,150.5000004172325,73.0709958076477,70.2649974822998,20.504256069660187,54.50420260429382,42.59037658572197,10.779706239700317,8.636250227689743,43.441102027893066,27.637209594249725,5.839127361774445,27.782010406255722,26.170499622821808,16.456871777772903,31.978938102722168,34.518851935863495,85.77450513839722,70.82398742437363,73.94997596740723,302.6153564453125,169.91989493370056,42.00288414955139,16.25661551952362,73.42965930700302,144.55133199691772,138.432115316391,133.78490924835205
59,-0.02414441853761673,SAC,168.56848239898682,76.93010807037354,62.65172719955444,15.121688812971115,49.181156158447266,47.72345632314682,36.42090618610382,25.9775607585907,48.9571088552475,25.1767019033432,2.8867008090019226,60.118871331214905,22.0221606194973,15.676194727420807,29.498927295207977,55.12138366699219,72.18371510505676,92.60021895170212,39.67109680175781,286.83448791503906,161.40504002571106,51.2638333439827,20.777210593223572,152.2972697019577,124.50496673583984,142.13662266731262,84.06748294830322
60,-0.01396636851131916,SAC,143.7548553943634,72.1430516242981,68.34803342819214,39.09425950050354,51.80814564228058,39.37644198536873,38.87644290924072,5.373408526182175,42.74266076087952,35.715027153491974,5.84252405166626,46.4950647354126,39.92471754550934,25.11425495147705,34.99736964702606,48.165367126464844,64.38513457775116,203.26805233955383,86.59617900848389,253.04002285003662,153.3293914794922,25.000564455986023,39.44408178329468,98.80606055259705,121.51548385620117,152.02570855617523,134.3183994293213
61,-0.0195098128169775,SAC,151.03521823883057,85.55691838264465,68.3467149734497,46.84892016649246,58.76810818910599,48.07970508933067,19.918881237506866,12.973310947418213,32.42753952741623,24.84237304329872,8.905577301979065,39.52926206588745,38.378591537475586,7.134586125612259,39.09286141395569,46.58771324157715,86.88027560710907,93.966124355793,161.9407844543457,244.43139791488647,181.7365276813507,67.73067027330399,60.582027435302734,164.39674258232117,184.15069103240967,178.5444450378418,145.85244178771973
62,-0.01861714944243431,SAC,145.46956658363342,74.97509241104126,64.80495929718018,22.80685630440712,47.178345769643784,44.22775790095329,42.91459083557129,17.00369554758072,21.415893137454987,14.968831717967987,7.8314714431762695,32.478927820920944,29.181142449378967,23.5097599029541,9.619064331054688,56.067060470581055,82.94823884963989,116.9570854306221,83.19980144500732,243.97000551223755,156.66220784187317,18.837036341428757,59.260374307632446,161.393404006958,147.15516090393066,151.8195366859436,78.18994522094727
63,-0.01037645898759365,SAC,132.12134957313538,62.38762140274048,58.295053243637085,42.766030848026276,54.43802773952484,52.136459052562714,43.797852993011475,20.975516617298126,25.44184058904648,19.283348441123962,4.926835536956787,47.67854988574982,40.264937818050385,27.256985306739807,20.82332819700241,47.69795894622803,51.73071026802063,146.79755628108978,158.17703247070312,251.11661434173584,193.34028959274292,21.76110178232193,23.440350890159607,98.68113338947296,51.44904375076294,158.9679765701294,99.53379988670349
64,-0.019116250798106194,SAC,138.86058390140533,85.62286496162415,72.75231122970581,33.976310431957245,46.14240229129791,38.14498841762543,29.357149600982666,24.46286517381668,25.713720977306366,25.32939225435257,12.949272155761719,54.80048584938049,52.241584062576294,12.873347401618958,28.28761577606201,45.014662742614746,53.32344949245453,147.46018648147583,166.04427337646484,249.7819209098816,146.0659694671631,14.541502892971039,48.044188022613525,77.3530501127243,186.69728755950928,177.50859022140503,130.38933753967285
65,-0.02058992348611355,SAC,273.99751245975494,92.64149069786072,81.4215612411499,26.222985088825226,44.401097893714905,25.631701946258545,19.80145561695099,11.777832508087158,56.70554220676422,37.14185208082199,2.939002573490143,60.23294270038605,42.55638003349304,12.973402738571167,31.499723196029663,36.19929552078247,36.62335681915283,102.6558369398117,61.7994499206543,242.1957492828369,193.6994481086731,6.9824376702308655,42.367786169052124,64.23842877149582,91.09801769256592,165.64755201339722,143.270765542984
66,-0.02609366364777088,SAC,318.4221160411835,75.37331581115723,69.85885739326477,43.60272467136383,49.10956382751465,44.371270686388016,36.10070928931236,24.69587016105652,29.824763476848602,27.007092535495758,6.7182416915893555,38.54917097091675,25.412991046905518,18.6364609003067,32.41742992401123,34.87133830785751,54.063192307949066,57.12839365005493,62.042531967163086,277.4782657623291,118.4874963760376,33.224516063928604,17.610058188438416,102.29460775852203,175.51700592041016,135.72426915168762,144.87077713012695
67,-0.01543285883963108,SAC,155.26620358228683,73.95256638526917,60.97063064575195,21.77547574043274,52.194124311208725,42.50315845012665,22.16387379169464,21.710453033447266,54.408245384693146,37.462868213653564,9.383473753929138,44.681581258773804,43.800280690193176,27.16298282146454,33.98651123046875,35.93520104885101,56.62781524658203,31.669701039791107,123.20413589477539,302.8550148010254,177.45378017425537,9.472837001085281,49.91728186607361,67.32541859149933,127.22787380218506,162.4230146408081,116.8125331401825
68,-0.014549212530255318,SAC,137.40489095449448,92.68074035644531,80.15615463256836,34.518164455890656,51.576214879751205,36.31982088088989,29.78030800819397,15.74537742137909,36.9602507352829,27.855564057826996,2.802121102809906,53.33043122291565,36.386356353759766,25.087066292762756,31.841078281402588,37.93794512748718,62.114863991737366,213.2835066318512,111.28024101257324,306.37657403945923,190.95930337905884,7.996557503938675,38.78024220466614,131.10269099473953,61.5935218334198,156.66653633117676,95.36604762077332
69,-0.01346567366272211,SAC,137.39381700754166,79.9714720249176,78.99762630462646,14.425522983074188,47.332833558321,40.60744181275368,25.12519347667694,16.63491725921631,44.247077226638794,30.20113468170166,7.456885516643524,32.780872255563736,27.17838317155838,23.015551567077637,25.006376206874847,42.9080171585083,45.59925317764282,66.28017842769623,121.4283561706543,274.8119831085205,185.7866096496582,41.12609475851059,50.01910209655762,69.21621233224869,83.82747888565063,127.49109387397766,83.46902132034302
70,-0.014249536208808422,SAC,166.5965822339058,66.01235866546631,65.47047853469849,46.61908829212189,54.170492589473724,48.53717818856239,47.98710346221924,9.905975937843323,59.55624580383301,33.424360394477844,3.6618128418922424,31.55125319957733,23.52559745311737,22.936755537986755,27.024582028388977,49.29482340812683,57.317779541015625,145.28549194335938,54.684648513793945,292.57580757141113,171.533522605896,32.008157670497894,35.63053488731384,62.651020884513855,126.75876140594482,173.75680327415466,135.506010055542
71,-0.021124744787812233,SAC,186.50794208049774,87.31127619743347,78.42458248138428,21.517859667539597,55.69122642278671,42.4604606628418,37.623373568058014,9.888867914676666,28.264842212200165,25.21748423576355,8.213104844093323,30.999811589717865,27.62593013048172,9.200714081525803,29.197720885276794,57.69263935089111,71.91714525222778,66.79522275924683,142.50266075134277,281.7100715637207,188.76660823822021,28.454651832580566,52.08130955696106,174.2633843421936,114.95646357536316,141.7592167854309,145.33019185066223
72,-0.013761177659034729,SAC,127.91555106639862,98.08685541152954,87.73040533065796,47.26153749227524,65.72281897068024,65.0588995218277,24.84996795654297,18.003931522369385,25.54569038748741,22.736148238182068,6.380803644657135,23.848571479320526,12.503567934036255,8.738943487405777,38.06122899055481,58.18629741668701,58.807797729969025,68.86310666799545,144.4805145263672,286.67343616485596,165.05386352539062,42.22474217414856,30.36059856414795,149.19217765331268,123.92730236053467,170.2676683664322,117.42553949356079
73,-0.021935731172561646,SAC,298.06076645851135,69.4113826751709,68.768789768219,25.41830313205719,49.05898571014404,42.3147214949131,32.706332951784134,18.44913947582245,27.417518496513367,25.22525727748871,12.960514068603516,33.78653824329376,32.38237410783768,17.253403663635254,33.529566526412964,39.15836602449417,59.13950729370117,132.4930065870285,63.49925518035889,311.20325326919556,98.40619444847107,67.93370693922043,27.611727714538574,116.25156283378601,169.1272211074829,149.3832492828369,56.07571244239807
74,-0.01850699633359909,SAC,130.5083790421486,64.55294609069824,61.31968021392822,20.507578998804092,71.64638727903366,60.659797340631485,41.16983652114868,9.518612802028656,58.4002822637558,38.36384642124176,10.201497316360474,43.35595393180847,37.69575297832489,29.695615470409393,29.739643335342407,50.295681953430176,91.54157638549805,39.46228474378586,101.63902282714844,284.43556785583496,155.71248054504395,26.73728808760643,18.40392231941223,151.05390548706055,107.68589496612549,168.57607007026672,147.07847952842712
75,-0.028104573488235474,SAC,130.09253561496735,78.092520236969,74.87311363220215,53.533687353134155,59.914950132369995,38.99055480957031,14.01323664188385,13.473994731903076,66.58887505531311,36.295939803123474,13.945692658424377,28.338311910629272,24.19973260164261,22.832854390144348,37.50085651874542,50.42468547821045,63.9436399936676,213.36247503757477,161.32196426391602,251.57553672790527,131.80849432945251,25.336282402276993,36.47234082221985,102.16771990060806,154.7979187965393,166.62540674209595,95.03547430038452
76,-0.014270728453993797,SAC,154.48757529258728,84.39541101455688,64.83105421066284,36.26243698596954,40.21191596984863,39.266851395368576,28.547641336917877,7.155705124139786,30.343571603298187,28.324409306049347,12.394821882247925,54.585885882377625,47.5997993350029,13.265571296215057,18.83341073989868,47.3935489654541,87.07495212554932,96.00775718688965,54.77837085723877,302.46602058410645,146.23713731765747,45.66866338253021,32.68045902252197,120.09916543960571,208.20080757141113,135.1385635137558,78.76514196395874
77,-0.01697549968957901,SAC,140.8479344844818,65.98461627960205,65.4553496837616,45.190431237220764,68.9485339820385,46.3759009540081,38.933048248291016,14.192210018634796,34.03857409954071,27.438600659370422,12.98135232925415,50.58848029375076,26.911250054836273,21.833549737930298,19.996147006750107,38.860642433166504,62.56095230579376,198.5274451971054,113.30780029296875,282.95823097229004,184.64553356170654,35.071825832128525,40.93289375305176,129.86450970172882,198.41851711273193,118.58174741268158,125.45740723609924
78,-0.02673299051821232,SAC,173.40563356876373,75.83881378173828,68.51572036743164,29.126961171627045,61.692725121974945,57.824275493621826,24.42434549331665,11.130092918872833,40.39956784248352,21.859158873558044,6.215829491615295,50.99158465862274,48.36117970943451,15.09494811296463,11.252059191465378,30.503495037555695,40.481163024902344,66.57382130622864,69.06848907470703,241.4291763305664,145.2754259109497,25.896035730838776,46.49697184562683,64.28229361772537,97.33352780342102,152.94174313545227,142.22293615341187
79,-0.020132530480623245,SAC,195.57923555374146,80.23179292678833,63.65537405014038,14.847303032875061,67.67200410366058,51.95441082119942,45.569305419921875,24.699637174606323,65.19169688224792,42.50879210233688,5.544897079467773,64.24774169921875,23.909280002117157,23.44595181941986,32.05352306365967,55.38072395324707,93.00694286823273,188.5828959941864,170.71949005126953,299.401798248291,197.53708839416504,40.94110459089279,11.783091425895691,81.0479262471199,89.3424642086029,168.75272512435913,135.016930103302
80,-0.027481267228722572,SAC,159.04509454965591,83.66750240325928,76.55494689941406,49.45792317390442,47.51455247402191,42.083823680877686,37.80217945575714,19.786426305770874,23.298147916793823,14.746279239654541,11.52477416396141,32.83223220705986,32.64103949069977,25.56916654109955,25.364177227020264,32.75672674179077,56.710864305496216,171.09443485736847,54.43056583404541,257.7685523033142,197.6198935508728,55.60604631900787,61.15623474121094,170.96649885177612,162.10734367370605,126.0540920495987,144.183611869812
81,-0.03382199630141258,SAC,266.9562131166458,91.47258043289185,90.98564386367798,49.804112672805786,65.81302344799042,49.82093095779419,38.25711816549301,18.846888720989227,46.68238431215286,41.740336894989014,12.303127527236938,34.62971901893616,33.18065673112869,8.17932590842247,23.769849240779877,54.56827640533447,85.68947315216064,104.25401568412781,156.71655654907227,268.47145080566406,175.80510139465332,37.21159115433693,30.51279067993164,161.4042866230011,83.49071264266968,168.87415647506714,136.20522499084473
82,-0.01550961658358574,SAC,144.64889466762543,61.72090530395508,61.675437688827515,33.77864933013916,55.07824331521988,43.03476095199585,28.20270985364914,23.99979817867279,27.26655900478363,23.356454133987427,8.009715676307678,44.636069774627686,25.551322400569916,13.087311685085297,24.346790313720703,35.715097188949585,65.13800144195557,141.92922711372375,47.40217208862305,310.6498193740845,193.29294323921204,51.95253700017929,23.903239369392395,65.29938250780106,128.197283744812,143.3296775817871,116.66040182113647
83,-0.020503969863057137,SAC,218.92149299383163,90.67246913909912,81.96537971496582,38.15208286046982,63.60211223363876,45.948591232299805,42.47677832841873,7.71411868929863,38.67455905675888,27.012193202972412,13.783360004425049,50.68882197141647,24.90489959716797,21.3665888607502,36.62332892417908,50.90836143493652,57.11284279823303,199.7805094718933,58.39477062225342,295.6086540222168,192.66776323318481,8.911994993686676,15.766854882240295,63.665216863155365,204.35957431793213,175.1146376132965,93.44109535217285
84,-0.0195463914424181,SAC,283.6672514677048,66.32615566253662,65.53096771240234,18.234810799360275,43.97161692380905,42.286982983350754,25.434070825576782,17.460264146327972,24.65497136116028,21.119724094867706,9.797944188117981,34.73679602146149,30.65749943256378,29.277037382125854,20.410838574171066,47.626942694187164,49.16517448425293,120.18709480762482,153.63243103027344,312.8043746948242,156.58342599868774,21.25628411769867,50.93117833137512,66.15529924631119,194.55991506576538,158.3684802055359,139.15939807891846
85,-0.018558602780103683,SAC,141.07091814279556,101.75228118896484,79.60665225982666,29.924155324697495,64.30155545473099,56.317903995513916,37.91464805603027,9.241930276155472,48.72510254383087,42.896273732185364,13.490711450576782,53.64685916900635,28.74594658613205,28.624399304389954,33.18523120880127,38.565644323825836,88.71890246868134,68.44889342784882,138.70219230651855,303.76084327697754,152.369225025177,44.79542672634125,24.719181656837463,64.18431460857391,131.5045189857483,172.4226289987564,140.34423828125
86,-0.0225092563778162,SAC,213.667573928833,73.76678466796875,58.81510853767395,21.091791719198227,60.8991938829422,48.816311210393906,41.44997835159302,24.484751999378204,32.228413224220276,32.06419289112091,11.934974908828735,21.360503435134888,14.64807465672493,10.642840266227722,20.28886377811432,33.5104022026062,85.55969297885895,91.53145581483841,110.73794364929199,190.48880815505981,184.61543917655945,21.114407181739807,60.808162689208984,60.22306263446808,197.35791206359863,164.66221928596497,96.98616147041321
87,-0.017266536131501198,SAC,203.2558509707451,70.79968214035034,56.804683804512024,45.057819068431854,58.9348042011261,47.131696194410324,14.661715030670166,7.271522164344788,42.03003233671188,29.79013353586197,11.078771233558655,30.99056988954544,20.26492828130722,14.958887100219727,34.10290241241455,37.109935879707336,43.1460542678833,106.07538521289825,82.1716833114624,308.7391448020935,164.08509254455566,11.994265615940094,12.579559087753296,197.4399721622467,92.14138507843018,162.79194951057434,141.67359113693237
88,-0.0222867950797081,SAC,151.1398994922638,66.43898010253906,63.12172174453735,42.444261610507965,70.40575802326202,68.97800207138062,11.312669515609741,9.97791874408722,52.170089185237885,33.606303572654724,5.96050488948822,81.34813725948334,43.547717571258545,20.78153520822525,35.24090051651001,38.98013353347778,78.55343699455261,144.88623321056366,58.245768547058105,281.170072555542,174.7653591632843,23.06071311235428,56.55175447463989,55.26644140481949,184.87315893173218,144.32715952396393,133.68977189064026
89,-0.021997233852744102,SAC,261.78607642650604,63.48296642303467,61.846126317977905,46.35326421260834,58.59341010451317,28.11494931578636,15.442049503326416,15.140677124261856,31.296238601207733,21.237343192100525,10.335333824157715,64.26387190818787,49.94857615232468,14.290459752082825,29.725478291511536,37.53372287750244,69.86167848110199,85.38060069084167,76.53630256652832,315.34892559051514,191.70005440711975,39.39270883798599,19.99916434288025,196.92972540855408,182.39304542541504,173.48848700523376,129.12022471427917
90,-0.03388164937496185,SAC,137.62778609991074,61.34010076522827,58.29135537147522,28.33998954296112,61.99956297874451,58.861961364746094,48.167724609375,18.48650711774826,33.73298895359039,21.525629460811615,7.368370473384857,63.51454317569733,28.627114295959473,25.455110371112823,32.04372018575668,41.810142517089844,51.03944778442383,177.6220291852951,137.10399627685547,276.6232395172119,174.23006534576416,50.46093851327896,50.49134612083435,176.14886343479156,213.34049224853516,169.21688795089722,143.6375880241394
91,-0.024578185752034187,SAC,284.9642604589462,66.17277383804321,66.12369179725647,52.92955756187439,46.82107403874397,40.05586534738541,36.52843713760376,8.408331751823425,41.47345542907715,23.89567196369171,10.001614570617676,39.25885534286499,22.939334213733673,12.702939957380295,29.39130449295044,37.28156328201294,49.80363428592682,153.69324326515198,172.37060546875,276.37834072113037,116.86016798019409,46.770445108413696,51.332340240478516,120.01539260149002,133.06546926498413,168.3398950099945,125.74999570846558
92,-0.031587161123752594,SAC,146.8753284215927,92.6193642616272,83.42537879943848,36.69110894203186,69.55586433410645,51.83627963066101,29.483922719955444,13.198941081762314,37.40993046760559,27.802932262420654,8.780770540237427,39.5232355594635,17.48336234688759,8.208976984024048,34.93798702955246,52.74013710021973,81.17106199264526,39.471973180770874,34.179039001464844,190.03642797470093,195.59876322746277,7.4621886014938354,35.15044808387756,182.17002034187317,139.68613862991333,158.62278282642365,119.16559934616089
93,-0.012578246183693409,SAC,133.34452897310257,68.54166269302368,59.10403072834015,50.685641050338745,76.84612184762955,68.71096521615982,48.9113187789917,9.26543015241623,40.13696098327637,25.365443229675293,8.405853748321533,37.045840322971344,32.555465400218964,12.25971981883049,18.676737844944,33.71814638376236,50.529991149902344,80.38368880748749,78.410325050354,268.46434116363525,175.70401430130005,62.27543234825134,37.49349355697632,137.54123270511627,110.79779386520386,166.27016127109528,144.31525707244873
94,-0.029590846970677376,SAC,234.15177941322327,73.12246918678284,70.1051926612854,26.633041977882385,40.87765872478485,34.70802426338196,34.044790267944336,8.278319120407104,24.13163870573044,18.582775682210922,13.870458126068115,22.153674960136414,18.956218957901,15.819497525691986,27.163608074188232,33.14523267745972,72.16998815536499,158.00112664699554,121.23610496520996,316.0383939743042,179.81329798698425,39.07865792512894,40.83868384361267,73.06061297655106,175.1915168762207,171.34878635406494,81.08980298042297
95,-0.017560375854372978,SAC,177.10843294858932,92.71718621253967,91.23993396759033,52.823759496212006,54.63082402944565,40.95775604248047,30.452794581651688,10.114720344543457,30.012230575084686,17.160244673490524,4.489382266998291,47.91037881374359,43.49230378866196,14.340010583400726,26.978774070739746,50.69338130950928,86.61952197551727,208.40787291526794,99.5173454284668,226.3354229927063,189.282386302948,24.087604582309723,15.47493040561676,90.84633380174637,126.14029169082642,119.44472670555115,77.61723101139069
96,-0.012581557035446167,SAC,138.73557418584824,84.09965991973877,82.28608131408691,47.90378165245056,72.48334884643555,54.238099455833435,46.490745544433594,12.057225286960602,55.00660479068756,35.71476697921753,10.31655752658844,36.57233440876007,27.98420935869217,16.41197830438614,33.405170917510986,39.86859679222107,85.78834056854248,163.13803672790527,143.28388214111328,312.8895401954651,195.71031093597412,29.37451958656311,16.314862370491028,69.54804599285126,112.53323674201965,165.44440984725952,143.5550343990326
97,-0.021580662578344345,SAC,263.20308923721313,79.86495018005371,78.07403802871704,43.97109693288803,53.12441438436508,51.88242256641388,40.105111598968506,22.34199333190918,43.465811014175415,39.74721431732178,10.048901200294495,38.462751507759094,30.095986515283585,20.777863562107086,31.43671154975891,55.96293067932129,73.72922360897064,81.56149923801422,99.82884883880615,306.6844415664673,163.48052263259888,16.23253107070923,34.42125916481018,87.26025849580765,118.89208674430847,91.4990046620369,97.97390937805176
98,-0.02222166210412979,SAC,174.19350653886795,80.20465850830078,75.20570158958435,48.551005721092224,44.225817769765854,34.72364515066147,26.849281787872314,14.436625570058823,22.551207810640335,20.83685576915741,10.988342761993408,24.485677182674408,23.636874794960022,20.448111295700073,20.059333741664886,41.50998115539551,92.68394231796265,150.58887779712677,110.19571304321289,244.37403678894043,144.22518014907837,16.56857058405876,15.847330093383789,101.83959484100342,166.87434434890747,141.74200117588043,104.1658067703247
99,-0.017838168889284134,SAC,235.56546807289124,78.28571081161499,73.25920820236206,48.875896692276,71.31216585636139,45.50174683332443,39.21323776245117,15.503157556056976,43.95543444156647,20.692701935768127,3.6656017303466797,44.63500100374222,36.94648057222366,10.737239122390747,26.925998330116272,31.95841610431671,54.88102054595947,133.75074803829193,111.02550506591797,236.40010595321655,185.67171454429626,8.375700563192368,31.37334167957306,75.87952971458435,43.23669195175171,131.6628748178482,131.2725019454956
100,-0.029267217963933945,SAC,196.5112468600273,70.58539390563965,67.59480834007263,43.60085368156433,63.74874532222748,44.46094021201134,14.68213039636612,12.704435586929321,23.293779492378235,21.879291653633118,4.990254044532776,33.26396822929382,30.778348743915558,11.915737688541412,23.854511976242065,38.727155685424805,75.8418720960617,172.8801989555359,108.21808815002441,175.05846500396729,183.16302299499512,25.03299817442894,29.877218008041382,87.2389543056488,199.37486171722412,133.45743238925934,89.66477394104004
